code,record,detail
MISSING_IMAGE,AP_CALCULUS_AB_2023_Q1_A_1A,No image link in the sample part
MISSING_IMAGE,AP_CALCULUS_AB_2023_Q1_A_1B,No image link in the sample part
MISSING_IMAGE,AP_CALCULUS_AB_2023_Q1_A_1C,No image link in the sample part
MISSING_IMAGE,AP_CALCULUS_AB_2023_Q1_C_1A,No image link in the sample part
MISSING_IMAGE,AP_CALCULUS_AB_2023_Q1_C_1B,No image link in the sample part
MISSING_IMAGE,AP_CALCULUS_AB_2023_Q1_C_1C,No image link in the sample part
MISSING_IMAGE,AP_CALCULUS_AB_2023_Q1_D_1A,No image link in the sample part
MISSING_IMAGE,AP_CALCULUS_AB_2023_Q1_D_1C,No image link in the sample part
MISSING_IMAGE,AP_CALCULUS_AB_2023_Q2_A_2A,No image link in the sample part
MISSING_IMAGE,AP_CALCULUS_AB_2023_Q2_A_2C,No image link in the sample part
MISSING_IMAGE,AP_CALCULUS_AB_2023_Q2_C_2A,No image link in the sample part
MISSING_IMAGE,AP_CALCULUS_AB_2023_Q2_C_2B,No image link in the sample part
MISSING_IMAGE,AP_CALCULUS_AB_2023_Q2_C_2C,No image link in the sample part
EMPTY_ANSWER_TEXT,AP_CALCULUS_AB_2023_Q3_A_3A,OCR answer block is empty
AMBIGUOUS_FINAL_ANSWER,AP_CALCULUS_AB_2023_Q3_A_3A,Could not identify a final answer
EMPTY_ANSWER_TEXT,AP_CALCULUS_AB_2023_Q3_A_3B,OCR answer block is empty
AMBIGUOUS_FINAL_ANSWER,AP_CALCULUS_AB_2023_Q3_A_3B,Could not identify a final answer
EMPTY_ANSWER_TEXT,AP_CALCULUS_AB_2023_Q3_A_3C,OCR answer block is empty
AMBIGUOUS_FINAL_ANSWER,AP_CALCULUS_AB_2023_Q3_A_3C,Could not identify a final answer
MISSING_IMAGE,AP_CALCULUS_AB_2023_Q3_B_3A,No image link in the sample part
MISSING_IMAGE,AP_CALCULUS_AB_2023_Q3_B_3B,No image link in the sample part
MISSING_IMAGE,AP_CALCULUS_AB_2023_Q3_B_3C,No image link in the sample part
MISSING_IMAGE,AP_CALCULUS_AB_2023_Q3_C_3B,No image link in the sample part
MISSING_IMAGE,AP_CALCULUS_AB_2023_Q3_C_3C,No image link in the sample part
MISSING_RUBRIC,AP_CALCULUS_AB_2023_Q3_D,No scoring guideline for AB 2023 Q3 Part D
MISSING_IMAGE,AP_CALCULUS_AB_2023_Q3_D_3A,No image link in the sample part
MISSING_IMAGE,AP_CALCULUS_AB_2023_Q3_D_3B,No image link in the sample part
MISSING_IMAGE,AP_CALCULUS_AB_2023_Q3_D_3C,No image link in the sample part
MISSING_IMAGE,AP_CALCULUS_AB_2023_Q4_A_4A,No image link in the sample part
MISSING_IMAGE,AP_CALCULUS_AB_2023_Q4_A_4B,No image link in the sample part
MISSING_IMAGE,AP_CALCULUS_AB_2023_Q4_A_4C,No image link in the sample part
MISSING_IMAGE,AP_CALCULUS_AB_2023_Q4_B_4A,No image link in the sample part
MISSING_IMAGE,AP_CALCULUS_AB_2023_Q4_B_4B,No image link in the sample part
MISSING_IMAGE,AP_CALCULUS_AB_2023_Q4_B_4C,No image link in the sample part
MISSING_IMAGE,AP_CALCULUS_AB_2023_Q4_C_4A,No image link in the sample part
MISSING_IMAGE,AP_CALCULUS_AB_2023_Q4_C_4B,No image link in the sample part
MISSING_IMAGE,AP_CALCULUS_AB_2023_Q4_C_4C,No image link in the sample part
MISSING_IMAGE,AP_CALCULUS_AB_2023_Q4_D_4A,No image link in the sample part
MISSING_IMAGE,AP_CALCULUS_AB_2023_Q4_D_4B,No image link in the sample part
MISSING_IMAGE,AP_CALCULUS_AB_2023_Q4_D_4C,No image link in the sample part
MISSING_IMAGE,AP_CALCULUS_AB_2023_Q5_A_5A,No image link in the sample part
MISSING_IMAGE,AP_CALCULUS_AB_2023_Q5_A_5B,No image link in the sample part
MISSING_IMAGE,AP_CALCULUS_AB_2023_Q5_A_5C,No image link in the sample part
MISSING_IMAGE,AP_CALCULUS_AB_2023_Q5_B_5A,No image link in the sample part
MISSING_IMAGE,AP_CALCULUS_AB_2023_Q5_B_5B,No image link in the sample part
MISSING_IMAGE,AP_CALCULUS_AB_2023_Q5_B_5C,No image link in the sample part
MISSING_IMAGE,AP_CALCULUS_AB_2023_Q5_C_5A,No image link in the sample part
MISSING_IMAGE,AP_CALCULUS_AB_2023_Q5_C_5C,No image link in the sample part
MISSING_RUBRIC,AP_CALCULUS_AB_2023_Q5_D,No scoring guideline for AB 2023 Q5 Part D
MISSING_IMAGE,AP_CALCULUS_AB_2023_Q5_D_5A,No image link in the sample part
MISSING_IMAGE,AP_CALCULUS_AB_2023_Q5_D_5B,No image link in the sample part
MISSING_IMAGE,AP_CALCULUS_AB_2023_Q5_D_5C,No image link in the sample part
MISSING_IMAGE,AP_CALCULUS_AB_2023_Q6_A_6A,No image link in the sample part
MISSING_IMAGE,AP_CALCULUS_AB_2023_Q6_A_6B,No image link in the sample part
MISSING_IMAGE,AP_CALCULUS_AB_2023_Q6_A_6C,No image link in the sample part
MISSING_IMAGE,AP_CALCULUS_AB_2023_Q6_B_6A,No image link in the sample part
MISSING_IMAGE,AP_CALCULUS_AB_2023_Q6_B_6B,No image link in the sample part
MISSING_IMAGE,AP_CALCULUS_AB_2023_Q6_B_6C,No image link in the sample part
MISSING_IMAGE,AP_CALCULUS_AB_2023_Q6_C_6A,No image link in the sample part
MISSING_IMAGE,AP_CALCULUS_AB_2023_Q6_C_6B,No image link in the sample part
MISSING_IMAGE,AP_CALCULUS_AB_2023_Q6_C_6C,No image link in the sample part
MISSING_IMAGE,AP_CALCULUS_AB_2023_Q6_D_6A,No image link in the sample part
MISSING_IMAGE,AP_CALCULUS_AB_2023_Q6_D_6B,No image link in the sample part
MISSING_IMAGE,AP_CALCULUS_AB_2023_Q6_D_6C,No image link in the sample part
MISSING_IMAGE,AP_CALCULUS_AB_2024_Q1_A_1A,No image link in the sample part
MISSING_IMAGE,AP_CALCULUS_AB_2024_Q1_A_1B,No image link in the sample part
MISSING_IMAGE,AP_CALCULUS_AB_2024_Q1_A_1C,No image link in the sample part
MISSING_IMAGE,AP_CALCULUS_AB_2024_Q1_C_1A,No image link in the sample part
MISSING_IMAGE,AP_CALCULUS_AB_2024_Q1_C_1B,No image link in the sample part
MISSING_IMAGE,AP_CALCULUS_AB_2024_Q1_C_1C,No image link in the sample part
MISSING_IMAGE,AP_CALCULUS_AB_2024_Q1_D_1C,No image link in the sample part
MISSING_IMAGE,AP_CALCULUS_AB_2024_Q2_A_2B,No image link in the sample part
MISSING_IMAGE,AP_CALCULUS_AB_2024_Q2_A_2C,No image link in the sample part
MISSING_IMAGE,AP_CALCULUS_AB_2024_Q2_C_2A,No image link in the sample part
MISSING_IMAGE,AP_CALCULUS_AB_2024_Q2_C_2B,No image link in the sample part
MISSING_IMAGE,AP_CALCULUS_AB_2024_Q2_C_2C,No image link in the sample part
MISSING_IMAGE,AP_CALCULUS_AB_2024_Q2_D_2A,No image link in the sample part
EMPTY_ANSWER_TEXT,AP_CALCULUS_AB_2024_Q3_A_3A,OCR answer block is empty
AMBIGUOUS_FINAL_ANSWER,AP_CALCULUS_AB_2024_Q3_A_3A,Could not identify a final answer
EMPTY_ANSWER_TEXT,AP_CALCULUS_AB_2024_Q3_A_3B,OCR answer block is empty
AMBIGUOUS_FINAL_ANSWER,AP_CALCULUS_AB_2024_Q3_A_3B,Could not identify a final answer
EMPTY_ANSWER_TEXT,AP_CALCULUS_AB_2024_Q3_A_3C,OCR answer block is empty
AMBIGUOUS_FINAL_ANSWER,AP_CALCULUS_AB_2024_Q3_A_3C,Could not identify a final answer
MISSING_IMAGE,AP_CALCULUS_AB_2024_Q3_C_3A,No image link in the sample part
MISSING_SAMPLE_PART,AP_CALCULUS_AB_2024_Q3_C_3B,No answer text block
MISSING_IMAGE,AP_CALCULUS_AB_2024_Q3_C_3C,No image link in the sample part
MISSING_IMAGE,AP_CALCULUS_AB_2024_Q4_A_4A,No image link in the sample part
MISSING_IMAGE,AP_CALCULUS_AB_2024_Q4_A_4B,No image link in the sample part
MISSING_IMAGE,AP_CALCULUS_AB_2024_Q4_B_4A,No image link in the sample part
MISSING_IMAGE,AP_CALCULUS_AB_2024_Q4_B_4B,No image link in the sample part
MISSING_IMAGE,AP_CALCULUS_AB_2024_Q4_B_4C,No image link in the sample part
MISSING_IMAGE,AP_CALCULUS_AB_2024_Q4_C_4A,No image link in the sample part
MISSING_IMAGE,AP_CALCULUS_AB_2024_Q4_C_4B,No image link in the sample part
MISSING_IMAGE,AP_CALCULUS_AB_2024_Q4_C_4C,No image link in the sample part
MISSING_IMAGE,AP_CALCULUS_AB_2024_Q5_A_5A,No image link in the sample part
MISSING_IMAGE,AP_CALCULUS_AB_2024_Q5_A_5B,No image link in the sample part
MISSING_IMAGE,AP_CALCULUS_AB_2024_Q5_A_5C,No image link in the sample part
MISSING_IMAGE,AP_CALCULUS_AB_2024_Q5_B_5A,No image link in the sample part
MISSING_IMAGE,AP_CALCULUS_AB_2024_Q5_B_5B,No image link in the sample part
MISSING_IMAGE,AP_CALCULUS_AB_2024_Q5_B_5C,No image link in the sample part
MISSING_IMAGE,AP_CALCULUS_AB_2024_Q5_C_5A,No image link in the sample part
MISSING_IMAGE,AP_CALCULUS_AB_2024_Q5_C_5B,No image link in the sample part
MISSING_IMAGE,AP_CALCULUS_AB_2024_Q5_C_5C,No image link in the sample part
MISSING_IMAGE,AP_CALCULUS_AB_2024_Q5_D_5A,No image link in the sample part
MISSING_IMAGE,AP_CALCULUS_AB_2024_Q5_D_5B,No image link in the sample part
MISSING_IMAGE,AP_CALCULUS_AB_2024_Q5_D_5C,No image link in the sample part
MISSING_IMAGE,AP_CALCULUS_AB_2024_Q6_A_6A,No image link in the sample part
MISSING_IMAGE,AP_CALCULUS_AB_2024_Q6_A_6B,No image link in the sample part
MISSING_IMAGE,AP_CALCULUS_AB_2024_Q6_B_6A,No image link in the sample part
MISSING_IMAGE,AP_CALCULUS_AB_2024_Q6_B_6B,No image link in the sample part
MISSING_SAMPLE_PART,AP_CALCULUS_AB_2024_Q6_B_6C,No answer text block
MISSING_IMAGE,AP_CALCULUS_AB_2024_Q6_C_6A,No image link in the sample part
MISSING_IMAGE,AP_CALCULUS_AB_2024_Q6_C_6B,No image link in the sample part
MISSING_SAMPLE_PART,AP_CALCULUS_AB_2024_Q6_C_6C,No answer text block
MISSING_IMAGE,AP_CALCULUS_AB_2025_Q1_A_1A,No image link in the sample part
MISSING_IMAGE,AP_CALCULUS_AB_2025_Q1_A_1B,No image link in the sample part
MISSING_IMAGE,AP_CALCULUS_AB_2025_Q1_A_1C,No image link in the sample part
MISSING_IMAGE,AP_CALCULUS_AB_2025_Q1_B_1A,No image link in the sample part
MISSING_IMAGE,AP_CALCULUS_AB_2025_Q1_B_1B,No image link in the sample part
MISSING_IMAGE,AP_CALCULUS_AB_2025_Q1_B_1C,No image link in the sample part
MISSING_IMAGE,AP_CALCULUS_AB_2025_Q1_C_1A,No image link in the sample part
MISSING_IMAGE,AP_CALCULUS_AB_2025_Q1_C_1B,No image link in the sample part
MISSING_IMAGE,AP_CALCULUS_AB_2025_Q1_C_1C,No image link in the sample part
MISSING_IMAGE,AP_CALCULUS_AB_2025_Q2_A_2A,No image link in the sample part
MISSING_IMAGE,AP_CALCULUS_AB_2025_Q2_A_2B,No image link in the sample part
MISSING_IMAGE,AP_CALCULUS_AB_2025_Q2_A_2C,No image link in the sample part
MISSING_IMAGE,AP_CALCULUS_AB_2025_Q2_B_2A,No image link in the sample part
MISSING_IMAGE,AP_CALCULUS_AB_2025_Q2_B_2B,No image link in the sample part
MISSING_IMAGE,AP_CALCULUS_AB_2025_Q2_B_2C,No image link in the sample part
MISSING_IMAGE,AP_CALCULUS_AB_2025_Q2_C_2A,No image link in the sample part
MISSING_IMAGE,AP_CALCULUS_AB_2025_Q2_C_2B,No image link in the sample part
MISSING_IMAGE,AP_CALCULUS_AB_2025_Q2_C_2C,No image link in the sample part
MISSING_IMAGE,AP_CALCULUS_AB_2025_Q2_D_2C,No image link in the sample part
MISSING_IMAGE,AP_CALCULUS_AB_2025_Q3_A_3A,No image link in the sample part
MISSING_IMAGE,AP_CALCULUS_AB_2025_Q3_A_3B,No image link in the sample part
MISSING_IMAGE,AP_CALCULUS_AB_2025_Q3_A_3C,No image link in the sample part
MISSING_IMAGE,AP_CALCULUS_AB_2025_Q3_B_3A,No image link in the sample part
MISSING_IMAGE,AP_CALCULUS_AB_2025_Q3_B_3C,No image link in the sample part
MISSING_IMAGE,AP_CALCULUS_AB_2025_Q3_C_3A,No image link in the sample part
MISSING_IMAGE,AP_CALCULUS_AB_2025_Q3_C_3B,No image link in the sample part
MISSING_IMAGE,AP_CALCULUS_AB_2025_Q3_C_3C,No image link in the sample part
MISSING_IMAGE,AP_CALCULUS_AB_2025_Q3_D_3A,No image link in the sample part
MISSING_IMAGE,AP_CALCULUS_AB_2025_Q3_D_3B,No image link in the sample part
MISSING_IMAGE,AP_CALCULUS_AB_2025_Q3_D_3C,No image link in the sample part
MISSING_IMAGE,AP_CALCULUS_AB_2025_Q4_A_4A,No image link in the sample part
MISSING_IMAGE,AP_CALCULUS_AB_2025_Q4_A_4B,No image link in the sample part
MISSING_IMAGE,AP_CALCULUS_AB_2025_Q4_A_4C,No image link in the sample part
MISSING_IMAGE,AP_CALCULUS_AB_2025_Q4_B_4A,No image link in the sample part
MISSING_IMAGE,AP_CALCULUS_AB_2025_Q4_B_4B,No image link in the sample part
MISSING_SAMPLE_PART,AP_CALCULUS_AB_2025_Q4_B_4C,No answer text block
MISSING_IMAGE,AP_CALCULUS_AB_2025_Q4_C_4A,No image link in the sample part
MISSING_IMAGE,AP_CALCULUS_AB_2025_Q4_C_4B,No image link in the sample part
MISSING_IMAGE,AP_CALCULUS_AB_2025_Q4_C_4C,No image link in the sample part
MISSING_IMAGE,AP_CALCULUS_AB_2025_Q4_D_4A,No image link in the sample part
MISSING_IMAGE,AP_CALCULUS_AB_2025_Q4_D_4B,No image link in the sample part
MISSING_IMAGE,AP_CALCULUS_AB_2025_Q4_D_4C,No image link in the sample part
MISSING_IMAGE,AP_CALCULUS_AB_2025_Q5_A_5A,No image link in the sample part
MISSING_IMAGE,AP_CALCULUS_AB_2025_Q5_A_5B,No image link in the sample part
MISSING_IMAGE,AP_CALCULUS_AB_2025_Q5_A_5C,No image link in the sample part
MISSING_IMAGE,AP_CALCULUS_AB_2025_Q5_B_5B,No image link in the sample part
MISSING_IMAGE,AP_CALCULUS_AB_2025_Q5_B_5C,No image link in the sample part
MISSING_IMAGE,AP_CALCULUS_AB_2025_Q5_C_5A,No image link in the sample part
MISSING_IMAGE,AP_CALCULUS_AB_2025_Q5_C_5B,No image link in the sample part
MISSING_IMAGE,AP_CALCULUS_AB_2025_Q5_C_5C,No image link in the sample part
MISSING_IMAGE,AP_CALCULUS_AB_2025_Q5_D_5A,No image link in the sample part
MISSING_IMAGE,AP_CALCULUS_AB_2025_Q5_D_5B,No image link in the sample part
MISSING_IMAGE,AP_CALCULUS_AB_2025_Q5_D_5C,No image link in the sample part
MISSING_IMAGE,AP_CALCULUS_AB_2025_Q6_A_6A,No image link in the sample part
MISSING_IMAGE,AP_CALCULUS_AB_2025_Q6_A_6B,No image link in the sample part
MISSING_IMAGE,AP_CALCULUS_AB_2025_Q6_A_6C,No image link in the sample part
MISSING_IMAGE,AP_CALCULUS_AB_2025_Q6_B_6A,No image link in the sample part
MISSING_IMAGE,AP_CALCULUS_AB_2025_Q6_B_6B,No image link in the sample part
MISSING_IMAGE,AP_CALCULUS_AB_2025_Q6_B_6C,No image link in the sample part
MISSING_IMAGE,AP_CALCULUS_AB_2025_Q6_C_6A,No image link in the sample part
MISSING_IMAGE,AP_CALCULUS_AB_2025_Q6_C_6B,No image link in the sample part
MISSING_IMAGE,AP_CALCULUS_AB_2025_Q6_D_6A,No image link in the sample part
MISSING_IMAGE,AP_CALCULUS_AB_2025_Q6_D_6B,No image link in the sample part
MISSING_IMAGE,AP_CALCULUS_AB_2025_Q6_D_6C,No image link in the sample part
MISSING_RUBRIC,AP_CALCULUS_AB_2026_Q1_A,No scoring guideline for AB 2026 Q1 Part A
MISSING_RUBRIC,AP_CALCULUS_AB_2026_Q1_B,No scoring guideline for AB 2026 Q1 Part B
MISSING_RUBRIC,AP_CALCULUS_AB_2026_Q1_C,No scoring guideline for AB 2026 Q1 Part C
MISSING_RUBRIC,AP_CALCULUS_AB_2026_Q1_D,No scoring guideline for AB 2026 Q1 Part D
MISSING_RUBRIC,AP_CALCULUS_AB_2026_Q2_A,No scoring guideline for AB 2026 Q2 Part A
MISSING_RUBRIC,AP_CALCULUS_AB_2026_Q2_B,No scoring guideline for AB 2026 Q2 Part B
MISSING_RUBRIC,AP_CALCULUS_AB_2026_Q2_C,No scoring guideline for AB 2026 Q2 Part C
MISSING_RUBRIC,AP_CALCULUS_AB_2026_Q2_D,No scoring guideline for AB 2026 Q2 Part D
MISSING_RUBRIC,AP_CALCULUS_AB_2026_Q3_A,No scoring guideline for AB 2026 Q3 Part A
MISSING_RUBRIC,AP_CALCULUS_AB_2026_Q3_B,No scoring guideline for AB 2026 Q3 Part B
MISSING_RUBRIC,AP_CALCULUS_AB_2026_Q3_C,No scoring guideline for AB 2026 Q3 Part C
MISSING_RUBRIC,AP_CALCULUS_AB_2026_Q3_D,No scoring guideline for AB 2026 Q3 Part D
MISSING_RUBRIC,AP_CALCULUS_AB_2026_Q4_A,No scoring guideline for AB 2026 Q4 Part A
MISSING_RUBRIC,AP_CALCULUS_AB_2026_Q4_B,No scoring guideline for AB 2026 Q4 Part B
MISSING_RUBRIC,AP_CALCULUS_AB_2026_Q4_C,No scoring guideline for AB 2026 Q4 Part C
MISSING_RUBRIC,AP_CALCULUS_AB_2026_Q4_D,No scoring guideline for AB 2026 Q4 Part D
MISSING_RUBRIC,AP_CALCULUS_AB_2026_Q5_A,No scoring guideline for AB 2026 Q5 Part A
MISSING_RUBRIC,AP_CALCULUS_AB_2026_Q5_B,No scoring guideline for AB 2026 Q5 Part B
MISSING_RUBRIC,AP_CALCULUS_AB_2026_Q5_C,No scoring guideline for AB 2026 Q5 Part C
MISSING_RUBRIC,AP_CALCULUS_AB_2026_Q5_D,No scoring guideline for AB 2026 Q5 Part D
MISSING_RUBRIC,AP_CALCULUS_AB_2026_Q6_A,No scoring guideline for AB 2026 Q6 Part A
MISSING_RUBRIC,AP_CALCULUS_AB_2026_Q6_B,No scoring guideline for AB 2026 Q6 Part B
MISSING_RUBRIC,AP_CALCULUS_AB_2026_Q6_C,No scoring guideline for AB 2026 Q6 Part C
MISSING_RUBRIC,AP_CALCULUS_AB_2026_Q6_D,No scoring guideline for AB 2026 Q6 Part D
MISSING_IMAGE,AP_CALCULUS_BC_2023_Q1_A_1A,No image link in the sample part
MISSING_IMAGE,AP_CALCULUS_BC_2023_Q1_A_1B,No image link in the sample part
MISSING_IMAGE,AP_CALCULUS_BC_2023_Q1_A_1C,No image link in the sample part
MISSING_IMAGE,AP_CALCULUS_BC_2023_Q1_C_1A,No image link in the sample part
MISSING_IMAGE,AP_CALCULUS_BC_2023_Q1_C_1B,No image link in the sample part
MISSING_IMAGE,AP_CALCULUS_BC_2023_Q1_C_1C,No image link in the sample part
MISSING_IMAGE,AP_CALCULUS_BC_2023_Q1_D_1A,No image link in the sample part
MISSING_IMAGE,AP_CALCULUS_BC_2023_Q1_D_1C,No image link in the sample part
MISSING_IMAGE,AP_CALCULUS_BC_2023_Q2_A_2A,No image link in the sample part
MISSING_IMAGE,AP_CALCULUS_BC_2023_Q2_A_2B,No image link in the sample part
MISSING_IMAGE,AP_CALCULUS_BC_2023_Q2_A_2C,No image link in the sample part
MISSING_IMAGE,AP_CALCULUS_BC_2023_Q2_B_2A,No image link in the sample part
MISSING_IMAGE,AP_CALCULUS_BC_2023_Q2_C_2A,No image link in the sample part
MISSING_IMAGE,AP_CALCULUS_BC_2023_Q2_C_2C,No image link in the sample part
MISSING_IMAGE,AP_CALCULUS_BC_2023_Q2_D_2A,No image link in the sample part
EMPTY_ANSWER_TEXT,AP_CALCULUS_BC_2023_Q3_A_3A,OCR answer block is empty
AMBIGUOUS_FINAL_ANSWER,AP_CALCULUS_BC_2023_Q3_A_3A,Could not identify a final answer
EMPTY_ANSWER_TEXT,AP_CALCULUS_BC_2023_Q3_A_3B,OCR answer block is empty
AMBIGUOUS_FINAL_ANSWER,AP_CALCULUS_BC_2023_Q3_A_3B,Could not identify a final answer
EMPTY_ANSWER_TEXT,AP_CALCULUS_BC_2023_Q3_A_3C,OCR answer block is empty
AMBIGUOUS_FINAL_ANSWER,AP_CALCULUS_BC_2023_Q3_A_3C,Could not identify a final answer
MISSING_IMAGE,AP_CALCULUS_BC_2023_Q3_B_3A,No image link in the sample part
MISSING_IMAGE,AP_CALCULUS_BC_2023_Q3_B_3B,No image link in the sample part
MISSING_IMAGE,AP_CALCULUS_BC_2023_Q3_B_3C,No image link in the sample part
MISSING_IMAGE,AP_CALCULUS_BC_2023_Q3_C_3B,No image link in the sample part
MISSING_IMAGE,AP_CALCULUS_BC_2023_Q3_C_3C,No image link in the sample part
MISSING_RUBRIC,AP_CALCULUS_BC_2023_Q3_D,No scoring guideline for BC 2023 Q3 Part D
MISSING_IMAGE,AP_CALCULUS_BC_2023_Q3_D_3A,No image link in the sample part
MISSING_IMAGE,AP_CALCULUS_BC_2023_Q3_D_3B,No image link in the sample part
MISSING_IMAGE,AP_CALCULUS_BC_2023_Q3_D_3C,No image link in the sample part
MISSING_IMAGE,AP_CALCULUS_BC_2023_Q4_A_4A,No image link in the sample part
MISSING_IMAGE,AP_CALCULUS_BC_2023_Q4_A_4B,No image link in the sample part
MISSING_IMAGE,AP_CALCULUS_BC_2023_Q4_A_4C,No image link in the sample part
MISSING_IMAGE,AP_CALCULUS_BC_2023_Q4_B_4A,No image link in the sample part
MISSING_IMAGE,AP_CALCULUS_BC_2023_Q4_B_4B,No image link in the sample part
MISSING_IMAGE,AP_CALCULUS_BC_2023_Q4_B_4C,No image link in the sample part
MISSING_IMAGE,AP_CALCULUS_BC_2023_Q4_C_4A,No image link in the sample part
MISSING_IMAGE,AP_CALCULUS_BC_2023_Q4_C_4B,No image link in the sample part
MISSING_IMAGE,AP_CALCULUS_BC_2023_Q4_C_4C,No image link in the sample part
MISSING_IMAGE,AP_CALCULUS_BC_2023_Q4_D_4A,No image link in the sample part
MISSING_IMAGE,AP_CALCULUS_BC_2023_Q4_D_4B,No image link in the sample part
MISSING_IMAGE,AP_CALCULUS_BC_2023_Q4_D_4C,No image link in the sample part
MISSING_IMAGE,AP_CALCULUS_BC_2023_Q5_A_5A,No image link in the sample part
MISSING_IMAGE,AP_CALCULUS_BC_2023_Q5_A_5C,No image link in the sample part
MISSING_IMAGE,AP_CALCULUS_BC_2023_Q5_B_5A,No image link in the sample part
MISSING_IMAGE,AP_CALCULUS_BC_2023_Q5_B_5B,No image link in the sample part
MISSING_IMAGE,AP_CALCULUS_BC_2023_Q5_B_5C,No image link in the sample part
MISSING_IMAGE,AP_CALCULUS_BC_2023_Q5_C_5A,No image link in the sample part
MISSING_IMAGE,AP_CALCULUS_BC_2023_Q5_C_5B,No image link in the sample part
MISSING_IMAGE,AP_CALCULUS_BC_2023_Q5_C_5C,No image link in the sample part
MISSING_IMAGE,AP_CALCULUS_BC_2023_Q6_A_6A,No image link in the sample part
MISSING_IMAGE,AP_CALCULUS_BC_2023_Q6_A_6B,No image link in the sample part
MISSING_IMAGE,AP_CALCULUS_BC_2023_Q6_A_6C,No image link in the sample part
MISSING_IMAGE,AP_CALCULUS_BC_2023_Q6_B_6A,No image link in the sample part
MISSING_IMAGE,AP_CALCULUS_BC_2023_Q6_B_6B,No image link in the sample part
MISSING_IMAGE,AP_CALCULUS_BC_2023_Q6_B_6C,No image link in the sample part
MISSING_IMAGE,AP_CALCULUS_BC_2023_Q6_C_6A,No image link in the sample part
MISSING_IMAGE,AP_CALCULUS_BC_2023_Q6_C_6B,No image link in the sample part
MISSING_IMAGE,AP_CALCULUS_BC_2023_Q6_C_6C,No image link in the sample part
MISSING_IMAGE,AP_CALCULUS_BC_2024_Q1_A_1A,No image link in the sample part
MISSING_IMAGE,AP_CALCULUS_BC_2024_Q1_A_1B,No image link in the sample part
MISSING_IMAGE,AP_CALCULUS_BC_2024_Q1_A_1C,No image link in the sample part
MISSING_IMAGE,AP_CALCULUS_BC_2024_Q1_C_1A,No image link in the sample part
MISSING_IMAGE,AP_CALCULUS_BC_2024_Q1_C_1B,No image link in the sample part
MISSING_IMAGE,AP_CALCULUS_BC_2024_Q1_C_1C,No image link in the sample part
MISSING_IMAGE,AP_CALCULUS_BC_2024_Q1_D_1C,No image link in the sample part
MISSING_IMAGE,AP_CALCULUS_BC_2024_Q2_A_2A,No image link in the sample part
MISSING_IMAGE,AP_CALCULUS_BC_2024_Q2_A_2B,No image link in the sample part
MISSING_IMAGE,AP_CALCULUS_BC_2024_Q2_A_2C,No image link in the sample part
MISSING_IMAGE,AP_CALCULUS_BC_2024_Q2_B_2A,No image link in the sample part
MISSING_IMAGE,AP_CALCULUS_BC_2024_Q2_C_2A,No image link in the sample part
MISSING_IMAGE,AP_CALCULUS_BC_2024_Q2_C_2B,No image link in the sample part
MISSING_IMAGE,AP_CALCULUS_BC_2024_Q2_C_2C,No image link in the sample part
EMPTY_ANSWER_TEXT,AP_CALCULUS_BC_2024_Q3_A_3A,OCR answer block is empty
AMBIGUOUS_FINAL_ANSWER,AP_CALCULUS_BC_2024_Q3_A_3A,Could not identify a final answer
EMPTY_ANSWER_TEXT,AP_CALCULUS_BC_2024_Q3_A_3B,OCR answer block is empty
AMBIGUOUS_FINAL_ANSWER,AP_CALCULUS_BC_2024_Q3_A_3B,Could not identify a final answer
EMPTY_ANSWER_TEXT,AP_CALCULUS_BC_2024_Q3_A_3C,OCR answer block is empty
AMBIGUOUS_FINAL_ANSWER,AP_CALCULUS_BC_2024_Q3_A_3C,Could not identify a final answer
MISSING_IMAGE,AP_CALCULUS_BC_2024_Q3_C_3A,No image link in the sample part
MISSING_SAMPLE_PART,AP_CALCULUS_BC_2024_Q3_C_3B,No answer text block
MISSING_IMAGE,AP_CALCULUS_BC_2024_Q3_C_3C,No image link in the sample part
MISSING_IMAGE,AP_CALCULUS_BC_2024_Q4_A_4A,No image link in the sample part
MISSING_IMAGE,AP_CALCULUS_BC_2024_Q4_A_4B,No image link in the sample part
MISSING_IMAGE,AP_CALCULUS_BC_2024_Q4_B_4A,No image link in the sample part
MISSING_IMAGE,AP_CALCULUS_BC_2024_Q4_B_4B,No image link in the sample part
MISSING_IMAGE,AP_CALCULUS_BC_2024_Q4_B_4C,No image link in the sample part
MISSING_IMAGE,AP_CALCULUS_BC_2024_Q4_C_4A,No image link in the sample part
MISSING_IMAGE,AP_CALCULUS_BC_2024_Q4_C_4B,No image link in the sample part
MISSING_IMAGE,AP_CALCULUS_BC_2024_Q4_C_4C,No image link in the sample part
MISSING_IMAGE,AP_CALCULUS_BC_2024_Q5_A_5A,No image link in the sample part
MISSING_IMAGE,AP_CALCULUS_BC_2024_Q5_A_5B,No image link in the sample part
MISSING_IMAGE,AP_CALCULUS_BC_2024_Q5_A_5C,No image link in the sample part
MISSING_IMAGE,AP_CALCULUS_BC_2024_Q5_B_5A,No image link in the sample part
MISSING_IMAGE,AP_CALCULUS_BC_2024_Q5_B_5B,No image link in the sample part
MISSING_IMAGE,AP_CALCULUS_BC_2024_Q5_B_5C,No image link in the sample part
MISSING_IMAGE,AP_CALCULUS_BC_2024_Q5_C_5A,No image link in the sample part
MISSING_IMAGE,AP_CALCULUS_BC_2024_Q5_C_5B,No image link in the sample part
MISSING_IMAGE,AP_CALCULUS_BC_2024_Q5_C_5C,No image link in the sample part
MISSING_IMAGE,AP_CALCULUS_BC_2024_Q5_D_5A,No image link in the sample part
MISSING_IMAGE,AP_CALCULUS_BC_2024_Q5_D_5B,No image link in the sample part
MISSING_IMAGE,AP_CALCULUS_BC_2024_Q5_D_5C,No image link in the sample part
MISSING_IMAGE,AP_CALCULUS_BC_2024_Q6_A_6A,No image link in the sample part
MISSING_IMAGE,AP_CALCULUS_BC_2024_Q6_A_6B,No image link in the sample part
MISSING_IMAGE,AP_CALCULUS_BC_2024_Q6_A_6C,No image link in the sample part
MISSING_IMAGE,AP_CALCULUS_BC_2024_Q6_B_6A,No image link in the sample part
MISSING_IMAGE,AP_CALCULUS_BC_2024_Q6_B_6B,No image link in the sample part
MISSING_IMAGE,AP_CALCULUS_BC_2024_Q6_B_6C,No image link in the sample part
MISSING_IMAGE,AP_CALCULUS_BC_2024_Q6_C_6A,No image link in the sample part
MISSING_IMAGE,AP_CALCULUS_BC_2024_Q6_C_6B,No image link in the sample part
MISSING_IMAGE,AP_CALCULUS_BC_2024_Q6_C_6C,No image link in the sample part
MISSING_IMAGE,AP_CALCULUS_BC_2024_Q6_D_6A,No image link in the sample part
MISSING_IMAGE,AP_CALCULUS_BC_2024_Q6_D_6B,No image link in the sample part
MISSING_IMAGE,AP_CALCULUS_BC_2024_Q6_D_6C,No image link in the sample part
MISSING_IMAGE,AP_CALCULUS_BC_2025_Q1_A_1A,No image link in the sample part
MISSING_IMAGE,AP_CALCULUS_BC_2025_Q1_A_1B,No image link in the sample part
MISSING_IMAGE,AP_CALCULUS_BC_2025_Q1_A_1C,No image link in the sample part
MISSING_IMAGE,AP_CALCULUS_BC_2025_Q1_B_1A,No image link in the sample part
MISSING_IMAGE,AP_CALCULUS_BC_2025_Q1_B_1B,No image link in the sample part
MISSING_IMAGE,AP_CALCULUS_BC_2025_Q1_B_1C,No image link in the sample part
MISSING_IMAGE,AP_CALCULUS_BC_2025_Q1_C_1A,No image link in the sample part
MISSING_IMAGE,AP_CALCULUS_BC_2025_Q1_C_1B,No image link in the sample part
MISSING_IMAGE,AP_CALCULUS_BC_2025_Q1_C_1C,No image link in the sample part
MISSING_IMAGE,AP_CALCULUS_BC_2025_Q2_A_2A,No image link in the sample part
MISSING_IMAGE,AP_CALCULUS_BC_2025_Q2_A_2B,No image link in the sample part
MISSING_IMAGE,AP_CALCULUS_BC_2025_Q2_A_2C,No image link in the sample part
MISSING_IMAGE,AP_CALCULUS_BC_2025_Q2_B_2A,No image link in the sample part
MISSING_IMAGE,AP_CALCULUS_BC_2025_Q2_B_2B,No image link in the sample part
MISSING_IMAGE,AP_CALCULUS_BC_2025_Q2_B_2C,No image link in the sample part
MISSING_IMAGE,AP_CALCULUS_BC_2025_Q2_C_2B,No image link in the sample part
MISSING_IMAGE,AP_CALCULUS_BC_2025_Q2_C_2C,No image link in the sample part
MISSING_IMAGE,AP_CALCULUS_BC_2025_Q3_A_3A,No image link in the sample part
MISSING_IMAGE,AP_CALCULUS_BC_2025_Q3_A_3B,No image link in the sample part
MISSING_IMAGE,AP_CALCULUS_BC_2025_Q3_A_3C,No image link in the sample part
MISSING_IMAGE,AP_CALCULUS_BC_2025_Q3_B_3A,No image link in the sample part
MISSING_IMAGE,AP_CALCULUS_BC_2025_Q3_B_3C,No image link in the sample part
MISSING_IMAGE,AP_CALCULUS_BC_2025_Q3_C_3A,No image link in the sample part
MISSING_IMAGE,AP_CALCULUS_BC_2025_Q3_C_3B,No image link in the sample part
MISSING_IMAGE,AP_CALCULUS_BC_2025_Q3_C_3C,No image link in the sample part
MISSING_IMAGE,AP_CALCULUS_BC_2025_Q3_D_3A,No image link in the sample part
MISSING_IMAGE,AP_CALCULUS_BC_2025_Q3_D_3B,No image link in the sample part
MISSING_IMAGE,AP_CALCULUS_BC_2025_Q3_D_3C,No image link in the sample part
MISSING_IMAGE,AP_CALCULUS_BC_2025_Q4_A_4A,No image link in the sample part
MISSING_IMAGE,AP_CALCULUS_BC_2025_Q4_A_4B,No image link in the sample part
MISSING_IMAGE,AP_CALCULUS_BC_2025_Q4_A_4C,No image link in the sample part
MISSING_IMAGE,AP_CALCULUS_BC_2025_Q4_B_4A,No image link in the sample part
MISSING_IMAGE,AP_CALCULUS_BC_2025_Q4_B_4B,No image link in the sample part
MISSING_SAMPLE_PART,AP_CALCULUS_BC_2025_Q4_B_4C,No answer text block
MISSING_IMAGE,AP_CALCULUS_BC_2025_Q4_C_4A,No image link in the sample part
MISSING_IMAGE,AP_CALCULUS_BC_2025_Q4_C_4B,No image link in the sample part
MISSING_IMAGE,AP_CALCULUS_BC_2025_Q4_C_4C,No image link in the sample part
MISSING_IMAGE,AP_CALCULUS_BC_2025_Q4_D_4A,No image link in the sample part
MISSING_IMAGE,AP_CALCULUS_BC_2025_Q4_D_4B,No image link in the sample part
MISSING_IMAGE,AP_CALCULUS_BC_2025_Q4_D_4C,No image link in the sample part
MISSING_IMAGE,AP_CALCULUS_BC_2025_Q5_A_5A,No image link in the sample part
MISSING_IMAGE,AP_CALCULUS_BC_2025_Q5_A_5B,No image link in the sample part
MISSING_IMAGE,AP_CALCULUS_BC_2025_Q5_A_5C,No image link in the sample part
MISSING_IMAGE,AP_CALCULUS_BC_2025_Q5_B_5A,No image link in the sample part
MISSING_IMAGE,AP_CALCULUS_BC_2025_Q5_B_5B,No image link in the sample part
MISSING_IMAGE,AP_CALCULUS_BC_2025_Q5_B_5C,No image link in the sample part
MISSING_IMAGE,AP_CALCULUS_BC_2025_Q5_C_5A,No image link in the sample part
MISSING_IMAGE,AP_CALCULUS_BC_2025_Q5_C_5B,No image link in the sample part
MISSING_IMAGE,AP_CALCULUS_BC_2025_Q5_C_5C,No image link in the sample part
MISSING_IMAGE,AP_CALCULUS_BC_2025_Q5_D_5A,No image link in the sample part
MISSING_IMAGE,AP_CALCULUS_BC_2025_Q5_D_5B,No image link in the sample part
MISSING_IMAGE,AP_CALCULUS_BC_2025_Q5_D_5C,No image link in the sample part
MISSING_IMAGE,AP_CALCULUS_BC_2025_Q6_A_6A,No image link in the sample part
MISSING_IMAGE,AP_CALCULUS_BC_2025_Q6_A_6B,No image link in the sample part
MISSING_IMAGE,AP_CALCULUS_BC_2025_Q6_A_6C,No image link in the sample part
MISSING_IMAGE,AP_CALCULUS_BC_2025_Q6_B_6A,No image link in the sample part
MISSING_IMAGE,AP_CALCULUS_BC_2025_Q6_B_6B,No image link in the sample part
MISSING_IMAGE,AP_CALCULUS_BC_2025_Q6_B_6C,No image link in the sample part
MISSING_IMAGE,AP_CALCULUS_BC_2025_Q6_C_6A,No image link in the sample part
MISSING_IMAGE,AP_CALCULUS_BC_2025_Q6_C_6B,No image link in the sample part
MISSING_IMAGE,AP_CALCULUS_BC_2025_Q6_D_6A,No image link in the sample part
MISSING_IMAGE,AP_CALCULUS_BC_2025_Q6_D_6B,No image link in the sample part
MISSING_IMAGE,AP_CALCULUS_BC_2025_Q6_D_6C,No image link in the sample part
MISSING_RUBRIC,AP_CALCULUS_BC_2026_Q1_A,No scoring guideline for BC 2026 Q1 Part A
MISSING_RUBRIC,AP_CALCULUS_BC_2026_Q1_B,No scoring guideline for BC 2026 Q1 Part B
MISSING_RUBRIC,AP_CALCULUS_BC_2026_Q1_C,No scoring guideline for BC 2026 Q1 Part C
MISSING_RUBRIC,AP_CALCULUS_BC_2026_Q1_D,No scoring guideline for BC 2026 Q1 Part D
MISSING_RUBRIC,AP_CALCULUS_BC_2026_Q2_A,No scoring guideline for BC 2026 Q2 Part A
MISSING_RUBRIC,AP_CALCULUS_BC_2026_Q2_B,No scoring guideline for BC 2026 Q2 Part B
MISSING_RUBRIC,AP_CALCULUS_BC_2026_Q2_C,No scoring guideline for BC 2026 Q2 Part C
MISSING_RUBRIC,AP_CALCULUS_BC_2026_Q2_D,No scoring guideline for BC 2026 Q2 Part D
MISSING_RUBRIC,AP_CALCULUS_BC_2026_Q3_A,No scoring guideline for BC 2026 Q3 Part A
MISSING_RUBRIC,AP_CALCULUS_BC_2026_Q3_B,No scoring guideline for BC 2026 Q3 Part B
MISSING_RUBRIC,AP_CALCULUS_BC_2026_Q3_C,No scoring guideline for BC 2026 Q3 Part C
MISSING_RUBRIC,AP_CALCULUS_BC_2026_Q3_D,No scoring guideline for BC 2026 Q3 Part D
MISSING_RUBRIC,AP_CALCULUS_BC_2026_Q4_A,No scoring guideline for BC 2026 Q4 Part A
MISSING_RUBRIC,AP_CALCULUS_BC_2026_Q4_B,No scoring guideline for BC 2026 Q4 Part B
MISSING_RUBRIC,AP_CALCULUS_BC_2026_Q4_C,No scoring guideline for BC 2026 Q4 Part C
MISSING_RUBRIC,AP_CALCULUS_BC_2026_Q4_D,No scoring guideline for BC 2026 Q4 Part D
MISSING_RUBRIC,AP_CALCULUS_BC_2026_Q5_A,No scoring guideline for BC 2026 Q5 Part A
MISSING_RUBRIC,AP_CALCULUS_BC_2026_Q5_B,No scoring guideline for BC 2026 Q5 Part B
MISSING_RUBRIC,AP_CALCULUS_BC_2026_Q5_C,No scoring guideline for BC 2026 Q5 Part C
MISSING_RUBRIC,AP_CALCULUS_BC_2026_Q5_D,No scoring guideline for BC 2026 Q5 Part D
MISSING_RUBRIC,AP_CALCULUS_BC_2026_Q6_A,No scoring guideline for BC 2026 Q6 Part A
MISSING_RUBRIC,AP_CALCULUS_BC_2026_Q6_B,No scoring guideline for BC 2026 Q6 Part B
MISSING_RUBRIC,AP_CALCULUS_BC_2026_Q6_C,No scoring guideline for BC 2026 Q6 Part C
MISSING_RUBRIC,AP_CALCULUS_BC_2026_Q6_D,No scoring guideline for BC 2026 Q6 Part D
