question_id,source,subject,topic,question_type,question_text,reference_answer,required_points,rubric,max_score,response_id,answer_text,final_answer,answer_image_path,human_score,human_feedback
AP_CALCULUS_AB_2026_Q1_A,AP,Calculus AB,,Free Response - Problem Solving,"Male birds of a certain species arrive at a nesting area over a thirty-day period. The rate at which the male birds arrive at the nesting area at time $t$ days is modeled by a differentiable function $M$, where $M(t)$ is measured in number of birds per day. Selected values of $M(t)$ are shown in the table.

|  $t$ (days) | 0 | 5 | 10 | 15 | 20 | 25 | 30  |
| --- | --- | --- | --- | --- | --- | --- | --- |
|  $M(t)$ (birds per day) | 2 | 7 | 16 | 6 | 5 | 2 | 0  |

(Note: Your calculator should be in radian mode.)

Approximate $M'(7.5)$ using the average rate of change of $M$ over the interval $5 \leq t \leq 10$. Show the work that leads to your answer, and indicate units of measure.",,,,,,,,,,
AP_CALCULUS_AB_2026_Q1_B,AP,Calculus AB,,Free Response - Problem Solving,"Male birds of a certain species arrive at a nesting area over a thirty-day period. The rate at which the male birds arrive at the nesting area at time $t$ days is modeled by a differentiable function $M$, where $M(t)$ is measured in number of birds per day. Selected values of $M(t)$ are shown in the table.

|  $t$ (days) | 0 | 5 | 10 | 15 | 20 | 25 | 30  |
| --- | --- | --- | --- | --- | --- | --- | --- |
|  $M(t)$ (birds per day) | 2 | 7 | 16 | 6 | 5 | 2 | 0  |

(Note: Your calculator should be in radian mode.)

i. Use a midpoint Riemann sum with the three subintervals $[0, 10]$, $[10, 20]$, and $[20, 30]$ to approximate $\int_0^{30} M(t) dt$. Show the work that leads to your answer.
ii. Interpret the meaning of $\int_0^{30} M(t) dt$ in the context of the problem.",,,,,,,,,,
AP_CALCULUS_AB_2026_Q1_C,AP,Calculus AB,,Free Response - Problem Solving,"Male birds of a certain species arrive at a nesting area over a thirty-day period. The rate at which the male birds arrive at the nesting area at time $t$ days is modeled by a differentiable function $M$, where $M(t)$ is measured in number of birds per day. Selected values of $M(t)$ are shown in the table.

|  $t$ (days) | 0 | 5 | 10 | 15 | 20 | 25 | 30  |
| --- | --- | --- | --- | --- | --- | --- | --- |
|  $M(t)$ (birds per day) | 2 | 7 | 16 | 6 | 5 | 2 | 0  |

(Note: Your calculator should be in radian mode.)

The rate at which female birds of the same species arrive at the same nesting area, in birds per day, is modeled by the function $F$ defined as follows.

$$F(t) = \begin{cases} 0 & \text{for } 0 \leq t < 15 \\ 18 + 16 \sin\left(\frac{\pi}{20}(t+15)\right) & \text{for } 15 \leq t \leq 45 \end{cases}$$

How many female birds of this species arrive at the nesting area from $t = 15$ to $t = 45$? Show the setup for your calculations, and round your answer to the nearest integer.",,,,,,,,,,
AP_CALCULUS_AB_2026_Q1_D,AP,Calculus AB,,Free Response - Problem Solving,"Male birds of a certain species arrive at a nesting area over a thirty-day period. The rate at which the male birds arrive at the nesting area at time $t$ days is modeled by a differentiable function $M$, where $M(t)$ is measured in number of birds per day. Selected values of $M(t)$ are shown in the table.

|  $t$ (days) | 0 | 5 | 10 | 15 | 20 | 25 | 30  |
| --- | --- | --- | --- | --- | --- | --- | --- |
|  $M(t)$ (birds per day) | 2 | 7 | 16 | 6 | 5 | 2 | 0  |

(Note: Your calculator should be in radian mode.)

On the interval $15 < t < 30$, the difference in the rates at which male and female birds of this species arrive at the nesting area can be modeled by the differentiable function $D(t) = M(t) - F(t)$, where $F$ is the function defined in part C. Is there a time $t$ in the interval $15 < t < 20$ when $D(t) = 0$? Justify your answer.

© 2026 College Board.

Visit College Board on the web: collegeboard.org.

3

AP CALCULUS AB 2026 • FREE-RESPONSE QUESTIONS",,,,,,,,,,
AP_CALCULUS_AB_2026_Q2_A,AP,Calculus AB,,Free Response - Problem Solving,"The function $f$ is defined by $f(x) = 1.43^x + 0.57$, and the function $g$ is defined by $g(x) = \frac{14x + 12}{x + 12}$. The graphs of $f$ and $g$ intersect at the points $(1, 2)$ and $(a, b)$, as shown in Figure 1.

Figure 1

![img-1.jpeg](ap26-frq-calculus-ab_assets/page-4-img-1.jpeg)

For $x \geq 0$, the equation $y = g(x)$ can be rewritten as $x = h(y) = \frac{12y - 12}{14 - y}$, where $h$ is a function of $y$. The graph of $x = h(y)$ and the horizontal line $y = 3.5$ are shown in Figure 2.

Figure 2

![img-2.jpeg](ap26-frq-calculus-ab_assets/page-4-img-2.jpeg)

© 2026 College Board.
Visit College Board on the web: collegeboard.org.

4

AP CALCULUS AB 2026 • FREE-RESPONSE QUESTIONS

calculator is not allowed for this part of the exam.**

You may use the available paper for scratch work and planning, but only work written in the free-response booklet will be scored. Any work done on scratch paper will not be scored. In the free-response booklet, write your solution to each part of each question in the space provided for that part. For questions that have sub-parts, be sure to label those clearly in your solution. Use a pencil or a pen with black or dark blue ink.

Show all of your work, even though a question may not explicitly remind you to do so. Clearly label any functions, graphs, tables, or other objects that you use. Justifications require that you give mathematical reasons and that you verify the needed conditions under which relevant theorems, properties, definitions, or tests are applied. Your work will be scored on the correctness and completeness of your methods as well as your answers. Answers without supporting work will usually not receive credit.

Your work must be expressed in standard mathematical notation rather than calculator syntax. For example, $$\int_1^5 x^2 dx$$ may not be written as $$\text{fnInt}(X^2, X, 1, 5)$$.

Unless otherwise specified, answers (numeric or algebraic) need not be simplified. If you use decimal approximations in calculations, your work will be scored on accuracy. Unless otherwise specified, your final answers should be accurate to three places after the decimal point.

Unless otherwise specified, the domain of a function $$f$$ is assumed to be the set of all real numbers $$x$$ for which $$f(x)$$ is a real number.

You can go back and forth between questions in this part until time expires. The clock will turn red when 5 minutes remain—**the proctor will not give you any time updates or warnings.**

© 2026 College Board.

Visit College Board on the web: collegeboard.org.

6

AP CALCULUS AB 2026 • FREE-RESPONSE QUESTIONS",,,,,,,,,,
AP_CALCULUS_AB_2026_Q2_B,AP,Calculus AB,,Free Response - Problem Solving,"The function $f$ is defined by $f(x) = 1.43^x + 0.57$, and the function $g$ is defined by $g(x) = \frac{14x + 12}{x + 12}$. The graphs of $f$ and $g$ intersect at the points $(1, 2)$ and $(a, b)$, as shown in Figure 1.

Figure 1

![img-1.jpeg](ap26-frq-calculus-ab_assets/page-4-img-1.jpeg)

For $x \geq 0$, the equation $y = g(x)$ can be rewritten as $x = h(y) = \frac{12y - 12}{14 - y}$, where $h$ is a function of $y$. The graph of $x = h(y)$ and the horizontal line $y = 3.5$ are shown in Figure 2.

Figure 2

![img-2.jpeg](ap26-frq-calculus-ab_assets/page-4-img-2.jpeg)

© 2026 College Board.
Visit College Board on the web: collegeboard.org.

4

AP CALCULUS AB 2026 • FREE-RESPONSE QUESTIONS

Region $R$, described in part A, is the base of a solid. For this solid, each cross section perpendicular to the $x$-axis is a rectangle whose height is $\frac{1}{3}$ times the length of its base in region $R$. Write, but do not evaluate, an integral expression that gives the volume of the solid.",,,,,,,,,,
AP_CALCULUS_AB_2026_Q2_C,AP,Calculus AB,,Free Response - Problem Solving,"The function $f$ is defined by $f(x) = 1.43^x + 0.57$, and the function $g$ is defined by $g(x) = \frac{14x + 12}{x + 12}$. The graphs of $f$ and $g$ intersect at the points $(1, 2)$ and $(a, b)$, as shown in Figure 1.

Figure 1

![img-1.jpeg](ap26-frq-calculus-ab_assets/page-4-img-1.jpeg)

For $x \geq 0$, the equation $y = g(x)$ can be rewritten as $x = h(y) = \frac{12y - 12}{14 - y}$, where $h$ is a function of $y$. The graph of $x = h(y)$ and the horizontal line $y = 3.5$ are shown in Figure 2.

Figure 2

![img-2.jpeg](ap26-frq-calculus-ab_assets/page-4-img-2.jpeg)

© 2026 College Board.
Visit College Board on the web: collegeboard.org.

4

AP CALCULUS AB 2026 • FREE-RESPONSE QUESTIONS

The shaded region in Figure 1 is bounded by the graphs of $f$ and $g$ on the interval from $x = 0$ to $x = a$. Find the area of the shaded region. Show the setup for your calculations.",,,,,,,,,,
AP_CALCULUS_AB_2026_Q2_D,AP,Calculus AB,,Free Response - Problem Solving,"The function $f$ is defined by $f(x) = 1.43^x + 0.57$, and the function $g$ is defined by $g(x) = \frac{14x + 12}{x + 12}$. The graphs of $f$ and $g$ intersect at the points $(1, 2)$ and $(a, b)$, as shown in Figure 1.

Figure 1

![img-1.jpeg](ap26-frq-calculus-ab_assets/page-4-img-1.jpeg)

For $x \geq 0$, the equation $y = g(x)$ can be rewritten as $x = h(y) = \frac{12y - 12}{14 - y}$, where $h$ is a function of $y$. The graph of $x = h(y)$ and the horizontal line $y = 3.5$ are shown in Figure 2.

Figure 2

![img-2.jpeg](ap26-frq-calculus-ab_assets/page-4-img-2.jpeg)

© 2026 College Board.
Visit College Board on the web: collegeboard.org.

4

AP CALCULUS AB 2026 • FREE-RESPONSE QUESTIONS

Let $T$ be the region bounded by the graph of $x = h(y)$, the $y$-axis, and the horizontal line $y = 3.5$, as shown in Figure 2. Write, but do not evaluate, an integral expression that gives the volume of the solid generated when region $T$ is revolved about the $y$-axis.

**END OF PART A**

© 2026 College Board.

Visit College Board on the web: collegeboard.org.

5

AP CALCULUS AB 2026 • FREE-RESPONSE QUESTIONS

# **CALCULUS AB  
SECTION II PART B  
TIME – 1 HOUR**

# **Directions:**

Section II, Part B has 4 free-response questions and lasts 1 hour.",,,,,,,,,,
AP_CALCULUS_AB_2026_Q3_A,AP,Calculus AB,,Free Response - Problem Solving,"Explain why the following could not be a slope field for the differential equation

$$\frac{dH}{dt} = -\frac{1}{15}(H - 20).$$

![img-3.jpeg](ap26-frq-calculus-ab_assets/page-7-img-3.jpeg)",,,,,,,,,,
AP_CALCULUS_AB_2026_Q3_B,AP,Calculus AB,,Free Response - Problem Solving,Find the slope of the line tangent to the graph of $H$ at time $t = 0$. Show the work that leads to your answer.,,,,,,,,,,
AP_CALCULUS_AB_2026_Q3_C,AP,Calculus AB,,Free Response - Problem Solving,"It can be shown that $\frac{d^2H}{dt^2} = \frac{1}{225}(H - 20)$. The line tangent to the graph of $H$ at time $t = 0$ is used to approximate $H(5)$, the internal temperature of the pie at time $t = 5$. Is this approximation an overestimate or an underestimate for the actual value of $H(5)$? Give a reason for your answer.",,,,,,,,,,
AP_CALCULUS_AB_2026_Q3_D,AP,Calculus AB,,Free Response - Problem Solving,"Use separation of variables to find an expression for $H(t)$, the particular solution to the given differential equation with initial condition $H(0) = 75$.

© 2026 College Board.

Visit College Board on the web: collegeboard.org.

7

AP CALCULUS AB 2026 • FREE-RESPONSE QUESTIONS",,,,,,,,,,
AP_CALCULUS_AB_2026_Q4_A,AP,Calculus AB,,Free Response - Problem Solving,"Let $f$ be a twice-differentiable function on the closed interval $[-4, 4]$ with $f(2) = 3$. The graph of $f'$, the derivative of $f$, is shown.

![img-4.jpeg](ap26-frq-calculus-ab_assets/page-8-img-4.jpeg)

For $x > 0$, the function $g$ is defined by $g(x) = f(x) - \ln x$. Find $g'(2)$. Show the work that leads to your answer.",,,,,,,,,,
AP_CALCULUS_AB_2026_Q4_B,AP,Calculus AB,,Free Response - Problem Solving,"Let $f$ be a twice-differentiable function on the closed interval $[-4, 4]$ with $f(2) = 3$. The graph of $f'$, the derivative of $f$, is shown.

![img-4.jpeg](ap26-frq-calculus-ab_assets/page-8-img-4.jpeg)

Find all values of $x$ on the open interval $0 < x < 3$ at which the graph of $f$ has a point of inflection. Give a reason for your answer.",,,,,,,,,,
AP_CALCULUS_AB_2026_Q4_C,AP,Calculus AB,,Free Response - Problem Solving,"Let $f$ be a twice-differentiable function on the closed interval $[-4, 4]$ with $f(2) = 3$. The graph of $f'$, the derivative of $f$, is shown.

![img-4.jpeg](ap26-frq-calculus-ab_assets/page-8-img-4.jpeg)

For $-4 \leq x \leq 4$, on what open intervals, if any, is the graph of $f$ both increasing and concave down? Give a reason for your answer.",,,,,,,,,,
AP_CALCULUS_AB_2026_Q4_D,AP,Calculus AB,,Free Response - Problem Solving,"Let $f$ be a twice-differentiable function on the closed interval $[-4, 4]$ with $f(2) = 3$. The graph of $f'$, the derivative of $f$, is shown.

![img-4.jpeg](ap26-frq-calculus-ab_assets/page-8-img-4.jpeg)

For $-4 \leq x \leq 4$, find the value of $x$ at which $f$ has an absolute minimum and the value of $x$ at which $f$ has an absolute maximum. Give reasons for your answers.

© 2026 College Board.

Visit College Board on the web: collegeboard.org.

8

AP CALCULUS AB 2026 • FREE-RESPONSE QUESTIONS",,,,,,,,,,
AP_CALCULUS_AB_2026_Q5_A,AP,Calculus AB,,Free Response - Problem Solving,Find the acceleration of the car at time $t = 1$ second. Show the work that leads to your answer.,,,,,,,,,,
AP_CALCULUS_AB_2026_Q5_B,AP,Calculus AB,,Free Response - Problem Solving,Is the car speeding up or slowing down at time $t = 1$ second? Give a reason for your answer.,,,,,,,,,,
AP_CALCULUS_AB_2026_Q5_C,AP,Calculus AB,,Free Response - Problem Solving,"Find the distance, in feet, that the car traveled over the time interval $0 \le t \le 4$ seconds. Show the work that leads to your answer.",,,,,,,,,,
AP_CALCULUS_AB_2026_Q5_D,AP,Calculus AB,,Free Response - Problem Solving,"Find the average velocity of the car over the time interval $6 \le t \le 12$ seconds. Show the work that leads to your answer.

© 2026 College Board.

Visit College Board on the web: collegeboard.org.

9

AP CALCULUS AB 2026 • FREE-RESPONSE QUESTIONS",,,,,,,,,,
AP_CALCULUS_AB_2026_Q6_A,AP,Calculus AB,,Free Response - Problem Solving,"The function $f$ is twice differentiable. The table gives values of $f$ and its derivative $f'$ at selected values of $x$.

|  $x$ | 0 | 2 | 3 | 6  |
| --- | --- | --- | --- | --- |
|  $f(x)$ | -1 | 3 | 8 | 5  |
|  $f'(x)$ | -5 | 4 | 9 | -2  |

Find $\lim_{x \rightarrow 2} \frac{f(x)}{x}$, or state that the limit does not exist.",,,,,,,,,,
AP_CALCULUS_AB_2026_Q6_B,AP,Calculus AB,,Free Response - Problem Solving,"The function $f$ is twice differentiable. The table gives values of $f$ and its derivative $f'$ at selected values of $x$.

|  $x$ | 0 | 2 | 3 | 6  |
| --- | --- | --- | --- | --- |
|  $f(x)$ | -1 | 3 | 8 | 5  |
|  $f'(x)$ | -5 | 4 | 9 | -2  |

Let $g(x) = f(f(x))$. Find $g'(2)$. Show the work that leads to your answer.",,,,,,,,,,
AP_CALCULUS_AB_2026_Q6_C,AP,Calculus AB,,Free Response - Problem Solving,"The function $f$ is twice differentiable. The table gives values of $f$ and its derivative $f'$ at selected values of $x$.

|  $x$ | 0 | 2 | 3 | 6  |
| --- | --- | --- | --- | --- |
|  $f(x)$ | -1 | 3 | 8 | 5  |
|  $f'(x)$ | -5 | 4 | 9 | -2  |

Let $h$ be a differentiable function such that $h(0) = 10$ and $h'(x) = f'(3x)$. Find $h(2)$. Show the work that leads to your answer.",,,,,,,,,,
AP_CALCULUS_AB_2026_Q6_D,AP,Calculus AB,,Free Response - Problem Solving,"The function $f$ is twice differentiable. The table gives values of $f$ and its derivative $f'$ at selected values of $x$.

|  $x$ | 0 | 2 | 3 | 6  |
| --- | --- | --- | --- | --- |
|  $f(x)$ | -1 | 3 | 8 | 5  |
|  $f'(x)$ | -5 | 4 | 9 | -2  |

Let $k$ be the function defined by $k(x) = \int_0^x t^2 f(t) dt$.

i. Find $k'(x)$.
ii. Find $k''(3)$. Show the work that leads to your answer.

**STOP**
**END OF EXAM**

© 2026 College Board.

Visit College Board on the web: collegeboard.org.

10",,,,,,,,,,
AP_CALCULUS_BC_2026_Q1_A,AP,Calculus BC,,Free Response - Problem Solving,"Male birds of a certain species arrive at a nesting area over a thirty-day period. The rate at which the male birds arrive at the nesting area at time $t$ days is modeled by a differentiable function $M$, where $M(t)$ is measured in number of birds per day. Selected values of $M(t)$ are shown in the table.

|  $t$ (days) | 0 | 5 | 10 | 15 | 20 | 25 | 30  |
| --- | --- | --- | --- | --- | --- | --- | --- |
|  $M(t)$ (birds per day) | 2 | 7 | 16 | 6 | 5 | 2 | 0  |

(Note: Your calculator should be in radian mode.)

Approximate $M'(7.5)$ using the average rate of change of $M$ over the interval $5 \leq t \leq 10$. Show the work that leads to your answer, and indicate units of measure.",,,,,,,,,,
AP_CALCULUS_BC_2026_Q1_B,AP,Calculus BC,,Free Response - Problem Solving,"Male birds of a certain species arrive at a nesting area over a thirty-day period. The rate at which the male birds arrive at the nesting area at time $t$ days is modeled by a differentiable function $M$, where $M(t)$ is measured in number of birds per day. Selected values of $M(t)$ are shown in the table.

|  $t$ (days) | 0 | 5 | 10 | 15 | 20 | 25 | 30  |
| --- | --- | --- | --- | --- | --- | --- | --- |
|  $M(t)$ (birds per day) | 2 | 7 | 16 | 6 | 5 | 2 | 0  |

(Note: Your calculator should be in radian mode.)

i. Use a midpoint Riemann sum with the three subintervals $[0, 10]$, $[10, 20]$, and $[20, 30]$ to approximate $\int_0^{30} M(t) dt$. Show the work that leads to your answer.
ii. Interpret the meaning of $\int_0^{30} M(t) dt$ in the context of the problem.",,,,,,,,,,
AP_CALCULUS_BC_2026_Q1_C,AP,Calculus BC,,Free Response - Problem Solving,"Male birds of a certain species arrive at a nesting area over a thirty-day period. The rate at which the male birds arrive at the nesting area at time $t$ days is modeled by a differentiable function $M$, where $M(t)$ is measured in number of birds per day. Selected values of $M(t)$ are shown in the table.

|  $t$ (days) | 0 | 5 | 10 | 15 | 20 | 25 | 30  |
| --- | --- | --- | --- | --- | --- | --- | --- |
|  $M(t)$ (birds per day) | 2 | 7 | 16 | 6 | 5 | 2 | 0  |

(Note: Your calculator should be in radian mode.)

The rate at which female birds of the same species arrive at the same nesting area, in birds per day, is modeled by the function $F$ defined as follows.

$$F(t) = \begin{cases} 0 & \text{for } 0 \leq t < 15 \\ 18 + 16 \sin\left(\frac{\pi}{20}(t+15)\right) & \text{for } 15 \leq t \leq 45 \end{cases}$$

How many female birds of this species arrive at the nesting area from $t = 15$ to $t = 45$? Show the setup for your calculations, and round your answer to the nearest integer.",,,,,,,,,,
AP_CALCULUS_BC_2026_Q1_D,AP,Calculus BC,,Free Response - Problem Solving,"Male birds of a certain species arrive at a nesting area over a thirty-day period. The rate at which the male birds arrive at the nesting area at time $t$ days is modeled by a differentiable function $M$, where $M(t)$ is measured in number of birds per day. Selected values of $M(t)$ are shown in the table.

|  $t$ (days) | 0 | 5 | 10 | 15 | 20 | 25 | 30  |
| --- | --- | --- | --- | --- | --- | --- | --- |
|  $M(t)$ (birds per day) | 2 | 7 | 16 | 6 | 5 | 2 | 0  |

(Note: Your calculator should be in radian mode.)

On the interval $15 < t < 30$, the difference in the rates at which male and female birds of this species arrive at the nesting area can be modeled by the differentiable function $D(t) = M(t) - F(t)$, where $F$ is the function defined in part C. Is there a time $t$ in the interval $15 < t < 20$ when $D(t) = 0$? Justify your answer.

© 2026 College Board.

Visit College Board on the web: collegeboard.org.

3

AP CALCULUS BC 2026 • FREE-RESPONSE QUESTIONS",,,,,,,,,,
AP_CALCULUS_BC_2026_Q2_A,AP,Calculus BC,,Free Response - Problem Solving,"Let $S$ be the shaded region bounded by the graph of the polar curve $r(\theta) = 3 + 2 \sin(2\theta) + \cos(2\theta)$ for $0 \leq \theta \leq \pi$, as shown in the figure.

![img-1.jpeg](ap26-frq-calculus-bc_assets/page-4-img-1.jpeg)

It can be shown that $r'(\theta) = 4 \cos(2\theta) - 2 \sin(2\theta)$.

(Note: Your calculator should be in radian mode.)

calculator is not allowed for this part of the exam.**

You may use the available paper for scratch work and planning, but only work written in the free-response booklet will be scored. Any work done on scratch paper will not be scored. In the free-response booklet, write your solution to each part of each question in the space provided for that part. For questions that have sub-parts, be sure to label those clearly in your solution. Use a pencil or a pen with black or dark blue ink.

Show all of your work, even though a question may not explicitly remind you to do so. Clearly label any functions, graphs, tables, or other objects that you use. Justifications require that you give mathematical reasons and that you verify the needed conditions under which relevant theorems, properties, definitions, or tests are applied. Your work will be scored on the correctness and completeness of your methods as well as your answers. Answers without supporting work will usually not receive credit.

Your work must be expressed in standard mathematical notation rather than calculator syntax. For example, $$\int_1^5 x^2 dx$$ may not be written as $$\text{fnInt}(X^2, X, 1, 5)$$.

Unless otherwise specified, answers (numeric or algebraic) need not be simplified. If you use decimal approximations in calculations, your work will be scored on accuracy. Unless otherwise specified, your final answers should be accurate to three places after the decimal point.

Unless otherwise specified, the domain of a function $$f$$ is assumed to be the set of all real numbers $$x$$ for which $$f(x)$$ is a real number.

You can go back and forth between questions in this part until time expires. The clock will turn red when 5 minutes remain—**the proctor will not give you any time updates or warnings.**

© 2026 College Board.

Visit College Board on the web: collegeboard.org.

5

AP CALCULUS BC 2026 • FREE-RESPONSE QUESTIONS",,,,,,,,,,
AP_CALCULUS_BC_2026_Q2_B,AP,Calculus BC,,Free Response - Problem Solving,"Let $S$ be the shaded region bounded by the graph of the polar curve $r(\theta) = 3 + 2 \sin(2\theta) + \cos(2\theta)$ for $0 \leq \theta \leq \pi$, as shown in the figure.

![img-1.jpeg](ap26-frq-calculus-bc_assets/page-4-img-1.jpeg)

It can be shown that $r'(\theta) = 4 \cos(2\theta) - 2 \sin(2\theta)$.

(Note: Your calculator should be in radian mode.)

There is a point on the curve at which the slope of the line tangent to the curve is $-\frac{3}{7}$. At this point, $\frac{dy}{d\theta} = \frac{3\sqrt{2}}{2}$. Find $\frac{dx}{d\theta}$ at this point. Show the work that leads to your answer.",,,,,,,,,,
AP_CALCULUS_BC_2026_Q2_C,AP,Calculus BC,,Free Response - Problem Solving,"Let $S$ be the shaded region bounded by the graph of the polar curve $r(\theta) = 3 + 2 \sin(2\theta) + \cos(2\theta)$ for $0 \leq \theta \leq \pi$, as shown in the figure.

![img-1.jpeg](ap26-frq-calculus-bc_assets/page-4-img-1.jpeg)

It can be shown that $r'(\theta) = 4 \cos(2\theta) - 2 \sin(2\theta)$.

(Note: Your calculator should be in radian mode.)

i. Find the value of $\theta$ in the interval $0 < \theta < \frac{\pi}{2}$ at which $r$ has a critical point.
ii. Use a derivative test to determine whether the critical point is the location of a relative minimum, a relative maximum, or neither for $r$.",,,,,,,,,,
AP_CALCULUS_BC_2026_Q2_D,AP,Calculus BC,,Free Response - Problem Solving,"Let $S$ be the shaded region bounded by the graph of the polar curve $r(\theta) = 3 + 2 \sin(2\theta) + \cos(2\theta)$ for $0 \leq \theta \leq \pi$, as shown in the figure.

![img-1.jpeg](ap26-frq-calculus-bc_assets/page-4-img-1.jpeg)

It can be shown that $r'(\theta) = 4 \cos(2\theta) - 2 \sin(2\theta)$.

(Note: Your calculator should be in radian mode.)

Find the average distance from the origin to a point on the polar curve $r(\theta) = 3 + 2 \sin(2\theta) + \cos(2\theta)$ for $\frac{\pi}{2} \leq \theta \leq \pi$. Show the setup for your calculations.

**END OF PART A**

© 2026 College Board.

Visit College Board on the web: collegeboard.org.

4

AP CALCULUS BC 2026 • FREE-RESPONSE QUESTIONS

# **CALCULUS BC  
SECTION II PART B  
TIME – 1 HOUR**

# **Directions:**

Section II, Part B has 4 free-response questions and lasts 1 hour.",,,,,,,,,,
AP_CALCULUS_BC_2026_Q3_A,AP,Calculus BC,,Free Response - Problem Solving,"Explain why the following could not be a slope field for the differential equation

$$\frac{dH}{dt} = -\frac{1}{15}(H - 20).$$

![img-2.jpeg](ap26-frq-calculus-bc_assets/page-6-img-2.jpeg)",,,,,,,,,,
AP_CALCULUS_BC_2026_Q3_B,AP,Calculus BC,,Free Response - Problem Solving,Find the slope of the line tangent to the graph of $H$ at time $t = 0$. Show the work that leads to your answer.,,,,,,,,,,
AP_CALCULUS_BC_2026_Q3_C,AP,Calculus BC,,Free Response - Problem Solving,"It can be shown that $\frac{d^2H}{dt^2} = \frac{1}{225}(H - 20)$. The line tangent to the graph of $H$ at time $t = 0$ is used to approximate $H(5)$, the internal temperature of the pie at time $t = 5$. Is this approximation an overestimate or an underestimate for the actual value of $H(5)$? Give a reason for your answer.",,,,,,,,,,
AP_CALCULUS_BC_2026_Q3_D,AP,Calculus BC,,Free Response - Problem Solving,"Use separation of variables to find an expression for $H(t)$, the particular solution to the given differential equation with initial condition $H(0) = 75$.

© 2026 College Board.

Visit College Board on the web: collegeboard.org.

6

AP CALCULUS BC 2026 • FREE-RESPONSE QUESTIONS",,,,,,,,,,
AP_CALCULUS_BC_2026_Q4_A,AP,Calculus BC,,Free Response - Problem Solving,"Let $f$ be a twice-differentiable function on the closed interval $[-4, 4]$ with $f(2) = 3$. The graph of $f'$, the derivative of $f$, is shown.

![img-3.jpeg](ap26-frq-calculus-bc_assets/page-7-img-3.jpeg)

For $x > 0$, the function $g$ is defined by $g(x) = f(x) - \ln x$. Find $g'(2)$. Show the work that leads to your answer.",,,,,,,,,,
AP_CALCULUS_BC_2026_Q4_B,AP,Calculus BC,,Free Response - Problem Solving,"Let $f$ be a twice-differentiable function on the closed interval $[-4, 4]$ with $f(2) = 3$. The graph of $f'$, the derivative of $f$, is shown.

![img-3.jpeg](ap26-frq-calculus-bc_assets/page-7-img-3.jpeg)

Find all values of $x$ on the open interval $0 < x < 3$ at which the graph of $f$ has a point of inflection. Give a reason for your answer.",,,,,,,,,,
AP_CALCULUS_BC_2026_Q4_C,AP,Calculus BC,,Free Response - Problem Solving,"Let $f$ be a twice-differentiable function on the closed interval $[-4, 4]$ with $f(2) = 3$. The graph of $f'$, the derivative of $f$, is shown.

![img-3.jpeg](ap26-frq-calculus-bc_assets/page-7-img-3.jpeg)

For $-4 \leq x \leq 4$, on what open intervals, if any, is the graph of $f$ both increasing and concave down? Give a reason for your answer.",,,,,,,,,,
AP_CALCULUS_BC_2026_Q4_D,AP,Calculus BC,,Free Response - Problem Solving,"Let $f$ be a twice-differentiable function on the closed interval $[-4, 4]$ with $f(2) = 3$. The graph of $f'$, the derivative of $f$, is shown.

![img-3.jpeg](ap26-frq-calculus-bc_assets/page-7-img-3.jpeg)

For $-4 \leq x \leq 4$, find the value of $x$ at which $f$ has an absolute minimum and the value of $x$ at which $f$ has an absolute maximum. Give reasons for your answers.

© 2026 College Board.

Visit College Board on the web: collegeboard.org.

7

AP CALCULUS BC 2026 • FREE-RESPONSE QUESTIONS",,,,,,,,,,
AP_CALCULUS_BC_2026_Q5_A,AP,Calculus BC,,Free Response - Problem Solving,"Let $f$ be the function defined by $f(x) = \sqrt[3]{x - 1}$, and let $g$ be the function defined by $g(x) = e^{(-2x + 4)}$. The graphs of $f$ and $g$ intersect at the point $(2, 1)$. Let $R$ be the region bounded by the graph of $f$, the $x$-axis, and the vertical line $x = 2$, as shown in the figure.

![img-4.jpeg](ap26-frq-calculus-bc_assets/page-8-img-4.jpeg)

Evaluate $\int_1^2 f(x)dx$. Show the work that leads to your answer.",,,,,,,,,,
AP_CALCULUS_BC_2026_Q5_B,AP,Calculus BC,,Free Response - Problem Solving,"Let $f$ be the function defined by $f(x) = \sqrt[3]{x - 1}$, and let $g$ be the function defined by $g(x) = e^{(-2x + 4)}$. The graphs of $f$ and $g$ intersect at the point $(2, 1)$. Let $R$ be the region bounded by the graph of $f$, the $x$-axis, and the vertical line $x = 2$, as shown in the figure.

![img-4.jpeg](ap26-frq-calculus-bc_assets/page-8-img-4.jpeg)

Write, but do not evaluate, an expression involving one or more integrals that gives the volume of the solid generated when region $R$ is rotated about the $x$-axis.",,,,,,,,,,
AP_CALCULUS_BC_2026_Q5_C,AP,Calculus BC,,Free Response - Problem Solving,"Let $f$ be the function defined by $f(x) = \sqrt[3]{x - 1}$, and let $g$ be the function defined by $g(x) = e^{(-2x + 4)}$. The graphs of $f$ and $g$ intersect at the point $(2, 1)$. Let $R$ be the region bounded by the graph of $f$, the $x$-axis, and the vertical line $x = 2$, as shown in the figure.

![img-4.jpeg](ap26-frq-calculus-bc_assets/page-8-img-4.jpeg)

Write, but do not evaluate, an expression involving one or more integrals that gives the perimeter of region $R$.",,,,,,,,,,
AP_CALCULUS_BC_2026_Q5_D,AP,Calculus BC,,Free Response - Problem Solving,"Let $f$ be the function defined by $f(x) = \sqrt[3]{x - 1}$, and let $g$ be the function defined by $g(x) = e^{(-2x + 4)}$. The graphs of $f$ and $g$ intersect at the point $(2, 1)$. Let $R$ be the region bounded by the graph of $f$, the $x$-axis, and the vertical line $x = 2$, as shown in the figure.

![img-4.jpeg](ap26-frq-calculus-bc_assets/page-8-img-4.jpeg)

Evaluate $\int_2^\infty g(x)dx$. Show the work that leads to your answer.

© 2026 College Board.

Visit College Board on the web: collegeboard.org.

8

AP CALCULUS BC 2026 • FREE-RESPONSE QUESTIONS",,,,,,,,,,
AP_CALCULUS_BC_2026_Q6_A,AP,Calculus BC,,Free Response - Problem Solving,"The Maclaurin series for a function $g$ is given by

$$\sum_{n=0}^{\infty} 2\left(\frac{-x}{5}\right)^n = 2 - \frac{2}{5}x + \frac{2}{25}x^2 - \frac{2}{125}x^3 + \frac{2}{625}x^4 - \dots + 2\left(\frac{-x}{5}\right)^n + \dots \text{ and converges to } g(x) \text{ for } |x| < 5.$$

For $x > 0$, the Maclaurin series for $g$ is an alternating geometric series. Find $g(3)$. Show the work that leads to your answer.",,,,,,,,,,
AP_CALCULUS_BC_2026_Q6_B,AP,Calculus BC,,Free Response - Problem Solving,"The Maclaurin series for a function $g$ is given by

$$\sum_{n=0}^{\infty} 2\left(\frac{-x}{5}\right)^n = 2 - \frac{2}{5}x + \frac{2}{25}x^2 - \frac{2}{125}x^3 + \frac{2}{625}x^4 - \dots + 2\left(\frac{-x}{5}\right)^n + \dots \text{ and converges to } g(x) \text{ for } |x| < 5.$$

The function $f$ is defined by $f(x) = g'(x)$. Write the first four nonzero terms of the Maclaurin series for $f$.",,,,,,,,,,
AP_CALCULUS_BC_2026_Q6_C,AP,Calculus BC,,Free Response - Problem Solving,"The Maclaurin series for a function $g$ is given by

$$\sum_{n=0}^{\infty} 2\left(\frac{-x}{5}\right)^n = 2 - \frac{2}{5}x + \frac{2}{25}x^2 - \frac{2}{125}x^3 + \frac{2}{625}x^4 - \dots + 2\left(\frac{-x}{5}\right)^n + \dots \text{ and converges to } g(x) \text{ for } |x| < 5.$$

The second-degree Taylor polynomial for $f$ about $x = 0$ is used to approximate $f\left(\frac{5}{2}\right)$ as $-\frac{3}{10}$, where $f$ is the function defined in part B. Justify that $\left|f\left(\frac{5}{2}\right) - \left(-\frac{3}{10}\right)\right| \leq \frac{1}{5}$.",,,,,,,,,,
AP_CALCULUS_BC_2026_Q6_D,AP,Calculus BC,,Free Response - Problem Solving,"The Maclaurin series for a function $g$ is given by

$$\sum_{n=0}^{\infty} 2\left(\frac{-x}{5}\right)^n = 2 - \frac{2}{5}x + \frac{2}{25}x^2 - \frac{2}{125}x^3 + \frac{2}{625}x^4 - \dots + 2\left(\frac{-x}{5}\right)^n + \dots \text{ and converges to } g(x) \text{ for } |x| < 5.$$

The function $h$ is defined by $h(x) = 25g(x) - 2e^x$.

i. Write the first three nonzero terms of the Maclaurin series for $e^x$.
ii. Write the first three nonzero terms of the Maclaurin series for $h$.

**STOP**
**END OF EXAM**

© 2026 College Board.

Visit College Board on the web: collegeboard.org.

9",,,,,,,,,,
